# To display the perf.data header info, please use --header/--header-only options.
#
#
# Total Lost Samples: 0
#
# Samples: 5K of event 'cycles:u'
# Event count (approx.): 19172154030
#
# Overhead;Command        ;Symbol                                                                                                                                                                                                                                                                                                                                  ;IPC   [IPC Coverage]
 10.60% ;candidate-fastf;[.] malloc                                                                                                                                                                                                                                                                                                                              ;-      -            
 8.08%  ;candidate-fastf;[.] cfree@GLIBC_2.2.5                                                                                                                                                                                                                                                                                                                   ;-      -            
 6.64%  ;candidate-fastf;[.] _int_free                                                                                                                                                                                                                                                                                                                           ;-      -            
 3.66%  ;candidate-fastf;[.] mi_free                                                                                                                                                                                                                                                                                                                             ;-      -            
 3.65%  ;candidate-fastf;[.] __gmpz_n_pow_ui                                                                                                                                                                                                                                                                                                                     ;-      -            
 3.59%  ;candidate-fastf;[.] lean_dec_ref_cold                                                                                                                                                                                                                                                                                                                   ;-      -            
 3.55%  ;candidate-fastf;[.] mi_malloc_small                                                                                                                                                                                                                                                                                                                     ;-      -            
 3.45%  ;candidate-fastf;[.] lean_apply_1                                                                                                                                                                                                                                                                                                                        ;-      -            
 3.02%  ;candidate-fastf;[.] __gmp_default_allocate                                                                                                                                                                                                                                                                                                              ;-      -            
 2.11%  ;candidate-fastf;[.] realloc                                                                                                                                                                                                                                                                                                                             ;-      -            
 2.08%  ;candidate-fastf;[.] __gmpz_init_set                                                                                                                                                                                                                                                                                                                     ;-      -            
 2.01%  ;candidate-fastf;[.] lp_tzap_x2dlean_TzapLean_RawCircuit_withGates                                                                                                                                                                                                                                                                                       ;-      -            
 1.81%  ;candidate-fastf;[.] __gmpn_copyi_x86_64                                                                                                                                                                                                                                                                                                                 ;-      -            
 1.68%  ;candidate-fastf;[.] lean_string_utf8_get                                                                                                                                                                                                                                                                                                                ;-      -            
 1.61%  ;candidate-fastf;[.] __gmpz_realloc                                                                                                                                                                                                                                                                                                                      ;-      -            
 1.44%  ;candidate-fastf;[.] lean::lean_del_core_other(lean_object*, unsigned char, lean_object*)                                                                                                                                                                                                                                                                ;-      -            
 1.26%  ;candidate-fastf;[.] __gmpz_add                                                                                                                                                                                                                                                                                                                          ;-      -            
 1.20%  ;candidate-fastf;[.] lp_tzap_x2dlean_TzapLean_scanH                                                                                                                                                                                                                                                                                                      ;-      -            
 1.03%  ;candidate-fastf;[.] __gmpz_tdiv_q_2exp                                                                                                                                                                                                                                                                                                                  ;-      -            
 0.99%  ;candidate-fastf;[.] __gmp_default_reallocate                                                                                                                                                                                                                                                                                                            ;-      -            
 0.98%  ;candidate-fastf;[.] lp_mathlib_Semiring_toNonAssocSemiring___redArg                                                                                                                                                                                                                                                                                     ;-      -            
 0.96%  ;candidate-fastf;[.] lean::mpz::~mpz()                                                                                                                                                                                                                                                                                                                   ;-      -            
 0.93%  ;candidate-fastf;[.] __gmpz_clear                                                                                                                                                                                                                                                                                                                        ;-      -            
 0.91%  ;candidate-fastf;[.] lean_nat_big_shiftr                                                                                                                                                                                                                                                                                                                 ;-      -            
 0.89%  ;candidate-fastf;[.] lp_tzap_x2dlean_TzapLean_bitsToWordAux                                                                                                                                                                                                                                                                                              ;-      -            
 0.87%  ;candidate-fastf;[.] lp_tzap_x2dlean_TzapLean_randomSample___lam__0___boxed                                                                                                                                                                                                                                                                              ;-      -            
 0.79%  ;candidate-fastf;[.] l_List_reverseAux___redArg                                                                                                                                                                                                                                                                                                          ;-      -            
 0.79%  ;candidate-fastf;[.] __gmpz_and                                                                                                                                                                                                                                                                                                                          ;-      -            
 0.68%  ;candidate-fastf;[.] __gmpz_init_set_ui                                                                                                                                                                                                                                                                                                                  ;-      -            
 0.67%  ;candidate-fastf;[.] std::__1::vector<unsigned int, std::__1::allocator<unsigned int> >::emplace_back<unsigned int>(unsigned int&&)::{lambda()#2}::operator()() const                                                                                                                                                                                    ;-      -            
 0.63%  ;candidate-fastf;[.] lp_tzap_x2dlean_TzapLean_mergeInto                                                                                                                                                                                                                                                                                                  ;-      -            
 0.56%  ;candidate-fastf;[.] lean::utf8_decode(std::__1::basic_string<char, std::__1::char_traits<char>, std::__1::allocator<char> > const&, std::__1::vector<unsigned int, std::__1::allocator<unsigned int> >&)                                                                                                                                                ;-      -            
 0.56%  ;candidate-fastf;[.] l_List_hasDecEq___redArg                                                                                                                                                                                                                                                                                                            ;-      -            
 0.55%  ;candidate-fastf;[.] lean::utf8_strlen(char const*, unsigned long)                                                                                                                                                                                                                                                                                       ;-      -            
 0.54%  ;candidate-fastf;[.] l_String_splitOnAux                                                                                                                                                                                                                                                                                                                 ;-      -            
 0.54%  ;candidate-fastf;[.] lean::mpz::is_size_t() const                                                                                                                                                                                                                                                                                                        ;-      -            
 0.53%  ;candidate-fastf;[.] __gmpn_rshift_x86_64                                                                                                                                                                                                                                                                                                                ;-      -            
 0.52%  ;candidate-fastf;[.] lean::mpz::mpz(unsigned long)                                                                                                                                                                                                                                                                                                       ;-      -            
 0.52%  ;candidate-fastf;[.] lean_string_utf8_extract                                                                                                                                                                                                                                                                                                            ;-      -            
 0.51%  ;candidate-fastf;[.] lp_tzap_x2dlean_TzapLean_bitsToWord___lam__0                                                                                                                                                                                                                                                                                        ;-      -            
 0.50%  ;candidate-fastf;[.] mi_malloc                                                                                                                                                                                                                                                                                                                           ;-      -            
 0.49%  ;candidate-fastf;[.] __gmpn_lshift_x86_64                                                                                                                                                                                                                                                                                                                ;-      -            
 0.49%  ;candidate-fastf;[.] lp_mathlib_NonUnitalNonAssocSemiring_toMulZeroClass___redArg                                                                                                                                                                                                                                                                        ;-      -            
 0.48%  ;candidate-fastf;[.] mi_free_size                                                                                                                                                                                                                                                                                                                        ;-      -            
 0.45%  ;candidate-fastf;[.] lp_tzap_x2dlean_TzapLean_bit                                                                                                                                                                                                                                                                                                        ;-      -            
 0.45%  ;candidate-fastf;[.] __memmove_avx512_unaligned_erms                                                                                                                                                                                                                                                                                                     ;-      -            
 0.44%  ;candidate-fastf;[.] lp_tzap_x2dlean_TzapLean_bitsToWord___lam__0___boxed                                                                                                                                                                                                                                                                                ;-      -            
 0.44%  ;candidate-fastf;[.] lean_string_utf8_next                                                                                                                                                                                                                                                                                                               ;-      -            
 0.44%  ;candidate-fastf;[.] lp_tzap_x2dlean_List_forIn_x27_loop___at___00TzapLean_Metrics_of_spec__2___redArg                                                                                                                                                                                                                                                   ;-      -            
 0.43%  ;candidate-fastf;[.] lean_inc_heartbeat                                                                                                                                                                                                                                                                                                                  ;-      -            
 0.42%  ;candidate-fastf;[.] lp_tzap_x2dlean_TzapLean_RawCircuit_ofGates                                                                                                                                                                                                                                                                                         ;-      -            
 0.41%  ;candidate-fastf;[.] __gmpz_cfdiv_r_2exp                                                                                                                                                                                                                                                                                                                 ;-      -            
 0.40%  ;candidate-fastf;[.] l_String_Slice_trimAscii                                                                                                                                                                                                                                                                                                            ;-      -            
 0.40%  ;candidate-fastf;[.] lean_nat_pow                                                                                                                                                                                                                                                                                                                        ;-      -            
 0.38%  ;candidate-fastf;[.] mi_find_page(mi_heap_s*, unsigned long, unsigned long)                                                                                                                                                                                                                                                                              ;-      -            
 0.38%  ;candidate-fastf;[.] lp_tzap_x2dlean_TzapLean_Gate_support                                                                                                                                                                                                                                                                                               ;-      -            
 0.35%  ;candidate-fastf;[.] lp_mathlib_instMulZeroClassOfSemiring___redArg                                                                                                                                                                                                                                                                                      ;-      -            
 0.35%  ;candidate-fastf;[.] __gmpz_mul_2exp                                                                                                                                                                                                                                                                                                                     ;-      -            
 0.33%  ;candidate-fastf;[.] __memcmp_evex_movbe                                                                                                                                                                                                                                                                                                                 ;-      -            
 0.32%  ;candidate-fastf;[.] l_Nat_testBit                                                                                                                                                                                                                                                                                                                       ;-      -            
 0.31%  ;candidate-fastf;[.] lp_tzap_x2dlean_TzapLean_rotAngle                                                                                                                                                                                                                                                                                                   ;-      -            
 0.30%  ;candidate-fastf;[.] l_String_Slice_Pos_revSkipWhile___at___00String_Slice_trimAscii_spec__1                                                                                                                                                                                                                                                             ;-      -            
 0.29%  ;candidate-fastf;[.] lp_tzap_x2dlean_TzapLean_foldFrom                                                                                                                                                                                                                                                                                                   ;-      -            
 0.29%  ;candidate-fastf;[.] __gmpz_cmp                                                                                                                                                                                                                                                                                                                          ;-      -            
 0.28%  ;candidate-fastf;[.] l_String_Slice_Pos_skipWhile___at___00String_Slice_trimAscii_spec__0                                                                                                                                                                                                                                                                ;-      -            
 0.26%  ;candidate-fastf;[.] lp_tzap_x2dlean_TzapLean_instDecidableEqGate_decEq                                                                                                                                                                                                                                                                                  ;-      -            
 0.26%  ;candidate-fastf;[.] lp_tzap_x2dlean_TzapLean_Qasm_trim                                                                                                                                                                                                                                                                                                  ;-      -            
 0.26%  ;candidate-fastf;[.] lp_tzap_x2dlean_TzapLean_cancelCommutingStep                                                                                                                                                                                                                                                                                        ;-      -            
 0.25%  ;candidate-fastf;[.] lp_tzap_x2dlean_TzapLean_Qasm_parseStatement                                                                                                                                                                                                                                                                                        ;-      -            
 0.25%  ;candidate-fastf;[.] l_List_lengthTR___redArg                                                                                                                                                                                                                                                                                                            ;-      -            
 0.24%  ;candidate-fastf;[.] __gmpz_ior                                                                                                                                                                                                                                                                                                                          ;-      -            
 0.24%  ;candidate-fastf;[.] lp_tzap_x2dlean_TzapLean_scanXH                                                                                                                                                                                                                                                                                                     ;-      -            
 0.24%  ;candidate-fastf;[.] lean::mpz::get_size_t() const                                                                                                                                                                                                                                                                                                       ;-      -            
 0.23%  ;candidate-fastf;[.] lean_nat_big_land                                                                                                                                                                                                                                                                                                                   ;-      -            
 0.23%  ;candidate-fastf;[.] lean::mpz::pow(unsigned int) const                                                                                                                                                                                                                                                                                                  ;-      -            
 0.23%  ;candidate-fastf;[.] lp_tzap_x2dlean_TzapLean_unbit                                                                                                                                                                                                                                                                                                      ;-      -            
 0.21%  ;candidate-fastf;[.] lean::next_utf8(char const*, unsigned long, unsigned long&)                                                                                                                                                                                                                                                                         ;-      -            
 0.21%  ;candidate-fastf;[.] lp_tzap_x2dlean_List_findSome_x3f___at___00TzapLean_Qasm_parseStatement_spec__0                                                                                                                                                                                                                                                     ;-      -            
 0.19%  ;candidate-fastf;[.] free@plt                                                                                                                                                                                                                                                                                                                            ;-      -            
 0.19%  ;candidate-fastf;[.] lean_string_data                                                                                                                                                                                                                                                                                                                    ;-      -            
 0.19%  ;candidate-fastf;[.] __gmpn_ior_n                                                                                                                                                                                                                                                                                                                        ;-      -            
 0.19%  ;candidate-fastf;[.] lean::lean_string_utf8_get_core(char const*, unsigned long, unsigned long, unsigned int&)                                                                                                                                                                                                                                           ;-      -            
 0.17%  ;candidate-fastf;[.] l_List_decidableBAll___redArg                                                                                                                                                                                                                                                                                                       ;-      -            
 0.17%  ;candidate-fastf;[.] lean_array_push                                                                                                                                                                                                                                                                                                                     ;-      -            
 0.17%  ;candidate-fastf;[.] lean::mpz::mod64() const                                                                                                                                                                                                                                                                                                            ;-      -            
 0.17%  ;candidate-fastf;[.] lp_tzap_x2dlean_TzapLean_TState_step                                                                                                                                                                                                                                                                                                ;-      -            
 0.17%  ;candidate-fastf;[.] lp_tzap_x2dlean_TzapLean_cancelPairsAux                                                                                                                                                                                                                                                                                             ;-      -            
 0.16%  ;candidate-fastf;[.] lean_string_push                                                                                                                                                                                                                                                                                                                    ;-      -            
 0.16%  ;candidate-fastf;[.] l___private_Init_Data_List_Impl_0__List_takeTR_go___redArg                                                                                                                                                                                                                                                                          ;-      -            
 0.16%  ;candidate-fastf;[.] l_String_Slice_Pos_nextn                                                                                                                                                                                                                                                                                                            ;-      -            
 0.15%  ;candidate-fastf;[.] lean_string_append                                                                                                                                                                                                                                                                                                                  ;-      -            
 0.14%  ;candidate-fastf;[.] lean_nat_shiftl                                                                                                                                                                                                                                                                                                                     ;-      -            
 0.14%  ;candidate-fastf;[.] __gmp_default_free                                                                                                                                                                                                                                                                                                                  ;-      -            
 0.14%  ;candidate-fastf;[.] operator new(unsigned long)                                                                                                                                                                                                                                                                                                         ;-      -            
 0.14%  ;candidate-fastf;[.] lp_tzap_x2dlean_List_forIn_x27_loop___at___00TzapLean_Qasm_parseRaw_spec__0___redArg                                                                                                                                                                                                                                                ;-      -            
 0.14%  ;candidate-fastf;[.] lean_apply_2                                                                                                                                                                                                                                                                                                                        ;-      -            
 0.14%  ;candidate-fastf;[.] l_WellFounded_opaqueFix_u2083___at___00String_Slice_toNat_x3f_spec__0___redArg                                                                                                                                                                                                                                                      ;-      -            
 0.14%  ;candidate-fastf;[.] lp_tzap_x2dlean_TzapLean_emitAll                                                                                                                                                                                                                                                                                                    ;-      -            
 0.14%  ;candidate-fastf;[.] lp_tzap_x2dlean_List_foldlM___at___00TzapLean_Qasm_resolveIdx_spec__0                                                                                                                                                                                                                                                               ;-      -            
 0.14%  ;candidate-fastf;[.] lp_tzap_x2dlean___private_Init_Data_Range_Basic_0__Std_Legacy_Range_forIn_x27_loop___at___00TzapLean_natOfBytes_spec__0___redArg                                                                                                                                                                                                    ;-      -            
 0.14%  ;candidate-fastf;[.] __gmpz_cfdiv_q_2exp.isra.0                                                                                                                                                                                                                                                                                                          ;-      -            
 0.12%  ;candidate-fastf;[.] lp_mathlib_ZMod_decidableEq                                                                                                                                                                                                                                                                                                         ;-      -            
 0.12%  ;candidate-fastf;[.] _mi_malloc_generic(mi_heap_s*, unsigned long, bool, unsigned long)                                                                                                                                                                                                                                                                  ;-      -            
 0.12%  ;candidate-fastf;[.] lean_free_object                                                                                                                                                                                                                                                                                                                    ;-      -            
 0.12%  ;candidate-fastf;[.] lp_tzap_x2dlean_TzapLean_diagonalK                                                                                                                                                                                                                                                                                                  ;-      -            
 0.12%  ;candidate-fastf;[.] l_List_drop___redArg                                                                                                                                                                                                                                                                                                                ;-      -            
 0.12%  ;candidate-fastf;[.] lp_mathlib_List_filterTR_loop___at___00__private_Mathlib_Tactic_DefEqAbuse_0__Mathlib_Tactic_DefEqAbuse_isIdenticalSidesStr_spec__3                                                                                                                                                                                                 ;-      -            
 0.12%  ;candidate-fastf;[.] lp_tzap_x2dlean_TzapLean_Qasm_lineComment_go                                                                                                                                                                                                                                                                                        ;-      -            
 0.12%  ;candidate-fastf;[.] lean_nat_big_lor                                                                                                                                                                                                                                                                                                                    ;-      -            
 0.12%  ;candidate-fastf;[.] lp_tzap_x2dlean_TzapLean_emitRotation                                                                                                                                                                                                                                                                                               ;-      -            
 0.12%  ;candidate-fastf;[.] lp_tzap_x2dlean_TzapLean_splitBlocker                                                                                                                                                                                                                                                                                               ;-      -            
 0.11%  ;candidate-fastf;[.] lp_tzap_x2dlean_TzapLean_reduceStep                                                                                                                                                                                                                                                                                                 ;-      -            
 0.11%  ;candidate-fastf;[.] lean_copy_expand_array                                                                                                                                                                                                                                                                                                              ;-      -            
 0.10%  ;candidate-fastf;[.] unsigned int lean::push_unicode_scalar_core<std::__1::basic_string<char, std::__1::char_traits<char>, std::__1::allocator<char> > >(std::__1::basic_string<char, std::__1::char_traits<char>, std::__1::allocator<char> >&, unsigned int)                                                                                           ;-      -            
 0.10%  ;candidate-fastf;[.] l_List_toArrayAux___redArg                                                                                                                                                                                                                                                                                                          ;-      -            
 0.10%  ;candidate-fastf;[.] lean_mark_mt                                                                                                                                                                                                                                                                                                                        ;-      -            
 0.09%  ;candidate-fastf;[.] lean_array_to_list_impl                                                                                                                                                                                                                                                                                                             ;-      -            
 0.09%  ;candidate-fastf;[.] lean::mpz::operator&=(lean::mpz const&)                                                                                                                                                                                                                                                                                             ;-      -            
 0.09%  ;candidate-fastf;[.] lp_tzap_x2dlean_TzapLean_Qasm_resolveSingle                                                                                                                                                                                                                                                                                         ;-      -            
 0.09%  ;candidate-fastf;[.] l_String_Slice_toString                                                                                                                                                                                                                                                                                                             ;-      -            
 0.09%  ;candidate-fastf;[.] l_WellFounded_opaqueFix_u2083___at___00String_Slice_isNat_spec__0___redArg                                                                                                                                                                                                                                                          ;-      -            
 0.09%  ;candidate-fastf;[.] __gmpz_pow_ui                                                                                                                                                                                                                                                                                                                       ;-      -            
 0.09%  ;candidate-fastf;[.] _int_malloc                                                                                                                                                                                                                                                                                                                         ;-      -            
 0.09%  ;candidate-fastf;[.] lp_tzap_x2dlean_TzapLean_Gate_qubitsOf                                                                                                                                                                                                                                                                                              ;-      -            
 0.09%  ;candidate-fastf;[.] l_Rat_mul                                                                                                                                                                                                                                                                                                                           ;-      -            
 0.09%  ;candidate-fastf;[.] lp_tzap_x2dlean_TzapLean_phaseFoldWithSampleCached___redArg___lam__0___boxed                                                                                                                                                                                                                                                        ;-      -            
 0.09%  ;candidate-fastf;[.] malloc_consolidate                                                                                                                                                                                                                                                                                                                  ;-      -            
 0.07%  ;candidate-fastf;[.] lean::mpz::operator|=(lean::mpz const&)                                                                                                                                                                                                                                                                                             ;-      -            
 0.07%  ;candidate-fastf;[.] lp_tzap_x2dlean_TzapLean_reduceAtH                                                                                                                                                                                                                                                                                                  ;-      -            
 0.07%  ;candidate-fastf;[.] lp_tzap_x2dlean_TzapLean_instDecidableEqGate___boxed                                                                                                                                                                                                                                                                                ;-      -            
 0.07%  ;candidate-fastf;[.] lean::mpz::mpz(lean::mpz const&)                                                                                                                                                                                                                                                                                                    ;-      -            
 0.07%  ;candidate-fastf;[.] realloc@plt                                                                                                                                                                                                                                                                                                                         ;-      -            
 0.07%  ;candidate-fastf;[.] lp_tzap_x2dlean___private_Init_Data_Range_Basic_0__Std_Legacy_Range_forIn_x27_loop___at___00TzapLean_mergeTargets_spec__0___redArg                                                                                                                                                                                                  ;-      -            
 0.07%  ;candidate-fastf;[.] lean_nat_gcd                                                                                                                                                                                                                                                                                                                        ;-      -            
 0.07%  ;candidate-fastf;[.] lean_nat_big_eq                                                                                                                                                                                                                                                                                                                     ;-      -            
 0.07%  ;candidate-fastf;[.] lp_tzap_x2dlean_TzapLean_Qasm_gateLine                                                                                                                                                                                                                                                                                              ;-      -            
 0.07%  ;candidate-fastf;[.] lp_tzap_x2dlean___private_Init_Data_Array_Basic_0__Array_foldrMUnsafe_fold___at___00List_foldrTR___at___00TzapLean_reduceSweep_spec__0_spec__0                                                                                                                                                                                      ;-      -            
 0.06%  ;candidate-fastf;[.] lean::validate_utf8_one(unsigned char const*, unsigned long, unsigned long&)                                                                                                                                                                                                                                                        ;-      -            
 0.05%  ;candidate-fastf;[.] lp_tzap_x2dlean_TzapLean_Gate_instDecidableInRange___lam__0___boxed                                                                                                                                                                                                                                                                 ;-      -            
 0.05%  ;candidate-fastf;[.] lp_tzap_x2dlean_List_forIn_x27_loop___at___00TzapLean_Qasm_parseRaw_spec__1___redArg                                                                                                                                                                                                                                                ;-      -            
 0.05%  ;candidate-fastf;[.] lean_string_memcmp                                                                                                                                                                                                                                                                                                                  ;-      -            
 0.05%  ;candidate-fastf;[.] l_String_Slice_posLE                                                                                                                                                                                                                                                                                                                ;-      -            
 0.05%  ;candidate-fastf;[.] __gmpz_init                                                                                                                                                                                                                                                                                                                         ;-      -            
 0.05%  ;candidate-fastf;[.] lp_tzap_x2dlean_TzapLean_Qasm_subscript                                                                                                                                                                                                                                                                                             ;-      -            
 0.05%  ;candidate-fastf;[.] lp_tzap_x2dlean_TzapLean_Qasm_splitTrim                                                                                                                                                                                                                                                                                             ;-      -            
 0.05%  ;candidate-fastf;[.] l_String_Pos_Raw_isValidForSlice                                                                                                                                                                                                                                                                                                    ;-      -            
 0.05%  ;candidate-fastf;[.] lp_tzap_x2dlean_TzapLean_varBound                                                                                                                                                                                                                                                                                                   ;-      -            
 0.05%  ;candidate-fastf;[.] lp_tzap_x2dlean_TzapLean_Qasm_parseStatement___lam__4                                                                                                                                                                                                                                                                               ;-      -            
 0.05%  ;candidate-fastf;[.] __gmpn_and_n                                                                                                                                                                                                                                                                                                                        ;-      -            
 0.05%  ;candidate-fastf;[.] lp_tzap_x2dlean_List_forIn_x27_loop___at___00TzapLean_Metrics_of_spec__0___redArg                                                                                                                                                                                                                                                   ;-      -            
 0.05%  ;candidate-fastf;[.] lp_tzap_x2dlean_TzapLean_Qasm_parseNat                                                                                                                                                                                                                                                                                              ;-      -            
 0.05%  ;candidate-fastf;[.] __gmpz_xor                                                                                                                                                                                                                                                                                                                          ;-      -            
 0.05%  ;candidate-fastf;[.] _int_realloc                                                                                                                                                                                                                                                                                                                        ;-      -            
 0.05%  ;candidate-fastf;[.] l_Std_DHashMap_Internal_Raw_u2080_insertIfNew___at___00Lean_Elab_Structural_nonIndicesFirst_spec__0___redArg                                                                                                                                                                                                                        ;-      -            
 0.05%  ;candidate-fastf;[.] lp_tzap_x2dlean_List_foldl___at___00TzapLean_Qasm_serialize_spec__0                                                                                                                                                                                                                                                                 ;-      -            
 0.05%  ;candidate-fastf;[.] __gmpn_gcd_11_x86_64                                                                                                                                                                                                                                                                                                                ;-      -            
 0.05%  ;candidate-fastf;[.] __gmpn_xor_n                                                                                                                                                                                                                                                                                                                        ;-      -            
 0.05%  ;candidate-fastf;[.] l_Lean_PersistentHashMap_insertAux___at___00Lean_PersistentHashMap_insert___at___00Lean_Parser_SyntaxNodeKindSet_insert_spec__0_spec__0___redArg                                                                                                                                                                                    ;-      -            
 0.04%  ;candidate-fastf;[.] lp_tzap_x2dlean_TzapLean_Gate_instDecidableWf___boxed                                                                                                                                                                                                                                                                               ;-      -            
 0.04%  ;candidate-fastf;[.] bcmp@plt                                                                                                                                                                                                                                                                                                                            ;-      -            
 0.04%  ;candidate-fastf;[.] l_String_Slice_Pos_get_x3f                                                                                                                                                                                                                                                                                                          ;-      -            
 0.04%  ;candidate-fastf;[.] l___private_Init_Data_Array_Basic_0__Array_ofFn_go___redArg                                                                                                                                                                                                                                                                         ;-      -            
 0.04%  ;candidate-fastf;[.] lp_tzap_x2dlean_List_findIdx_x3f_go___at___00TzapLean_Qasm_subscript_spec__1                                                                                                                                                                                                                                                        ;-      -            
 0.04%  ;candidate-fastf;[.] lp_tzap_x2dlean_TzapLean_Qasm_parseStatement___lam__9                                                                                                                                                                                                                                                                               ;-      -            
 0.04%  ;candidate-fastf;[.] lp_tzap_x2dlean_List_findIdx_x3f_go___at___00TzapLean_Qasm_subscript_spec__0                                                                                                                                                                                                                                                        ;-      -            
 0.04%  ;candidate-fastf;[.] lp_tzap_x2dlean_TzapLean_sampleWords___lam__0                                                                                                                                                                                                                                                                                       ;-      -            
 0.03%  ;candidate-fastf;[k] 0xffffffff92400ef0                                                                                                                                                                                                                                                                                                                  ;-      -            
 0.03%  ;candidate-fastf;[.] lp_tzap_x2dlean_TzapLean_reduceHead                                                                                                                                                                                                                                                                                                 ;-      -            
 0.03%  ;candidate-fastf;[.] l_String_Slice_toNat_x3f                                                                                                                                                                                                                                                                                                            ;-      -            
 0.03%  ;candidate-fastf;[.] lp_mathlib_List_all___at___00Mathlib_CrossRef_wikidataIdFn_spec__0                                                                                                                                                                                                                                                                  ;-      -            
 0.03%  ;candidate-fastf;[.] lp_tzap_x2dlean_TzapLean_matchTag                                                                                                                                                                                                                                                                                                   ;-      -            
 0.03%  ;candidate-fastf;[.] l_Std_DHashMap_Internal_AssocList_foldlM___at___00__private_Std_Data_DHashMap_Internal_Defs_0__Std_DHashMap_Internal_Raw_u2080_expand_go___at___00Std_DHashMap_Internal_Raw_u2080_expand___at___00Std_DHashMap_Internal_Raw_u2080_insertIfNew___at___00Lean_Elab_Structural_nonIndicesFirst_spec__0_spec__1_spec__2_spec__7___redArg;-      -            
 0.03%  ;candidate-fastf;[.] lp_tzap_x2dlean_TzapLean_Gate_isUnitary                                                                                                                                                                                                                                                                                             ;-      -            
 0.03%  ;candidate-fastf;[.] unlink_chunk.isra.0                                                                                                                                                                                                                                                                                                                 ;-      -            
 0.03%  ;candidate-fastf;[.] lp_tzap_x2dlean_TzapLean_Gate_allocates                                                                                                                                                                                                                                                                                             ;-      -            
 0.03%  ;candidate-fastf;[.] lp_tzap_x2dlean___private_Init_Data_Range_Basic_0__Std_Legacy_Range_forIn_x27_loop___at___00TzapLean_mergeTargets_spec__1___redArg                                                                                                                                                                                                  ;-      -            
 0.03%  ;candidate-fastf;[.] __gmpz_gcd                                                                                                                                                                                                                                                                                                                          ;-      -            
 0.03%  ;candidate-fastf;[.] lean_string_mk                                                                                                                                                                                                                                                                                                                      ;-      -            
 0.03%  ;candidate-fastf;[.] __gmpz_fdiv_q_2exp                                                                                                                                                                                                                                                                                                                  ;-      -            
 0.03%  ;candidate-fastf;[.] mi_page_free_list_extend(mi_page_s*, unsigned long, unsigned long, mi_stats_s*)                                                                                                                                                                                                                                                     ;-      -            
 0.03%  ;candidate-fastf;[.] l___private_Init_Data_Array_Basic_0__Array_anyMUnsafe_any___redArg___lam__0___boxed                                                                                                                                                                                                                                                 ;-      -            
 0.02%  ;candidate-fastf;[.] l___private_Lean_Data_Trie_0__Lean_Data_Trie_find_x3f_loop___redArg                                                                                                                                                                                                                                                                 ;-      -            
 0.02%  ;candidate-fastf;[.] 0x0000000000000ac0                                                                                                                                                                                                                                                                                                                  ;-      -            
 0.02%  ;candidate-fastf;[.] l_Lean_Parser_andthenInfo___lam__1                                                                                                                                                                                                                                                                                                  ;-      -            
 0.02%  ;candidate-fastf;[.] l_String_Slice_positions                                                                                                                                                                                                                                                                                                            ;-      -            
 0.02%  ;candidate-fastf;[.] lp_tzap_x2dlean_TzapLean_Gate_instDecidableInRange                                                                                                                                                                                                                                                                                  ;-      -            
 0.02%  ;candidate-fastf;[.] l_String_Slice_isNat                                                                                                                                                                                                                                                                                                                ;-      -            
 0.02%  ;candidate-fastf;[.] lp_tzap_x2dlean_List_mapTR_loop___at___00TzapLean_Qasm_splitTrim_spec__0                                                                                                                                                                                                                                                            ;-      -            
 0.02%  ;candidate-fastf;[.] lp_tzap_x2dlean_TzapLean_Gate_instDecidableWf                                                                                                                                                                                                                                                                                       ;-      -            
 0.02%  ;candidate-fastf;[k] 0xffffffff928540e3                                                                                                                                                                                                                                                                                                                  ;-      -            
 0.02%  ;candidate-fastf;[.] operator delete(void*, unsigned long)                                                                                                                                                                                                                                                                                               ;-      -            
 0.02%  ;candidate-fastf;[.] alloc_perturb                                                                                                                                                                                                                                                                                                                       ;-      -            
 0.02%  ;candidate-fastf;[.] lean::mpz::mpz(unsigned int)                                                                                                                                                                                                                                                                                                        ;-      -            
 0.02%  ;candidate-fastf;[.] l_Std_DTreeMap_Internal_Impl_insert___at___00Lean_Parser_TokenMap_insert_spec__1___redArg                                                                                                                                                                                                                                           ;-      -            
 0.02%  ;candidate-fastf;[.] __gmpz_set                                                                                                                                                                                                                                                                                                                          ;-      -            
 0.02%  ;candidate-fastf;[.] l___private_Lean_Data_Name_0__Lean_Name_quickCmpImpl                                                                                                                                                                                                                                                                                ;-      -            
 0.02%  ;candidate-fastf;[.] malloc@plt                                                                                                                                                                                                                                                                                                                          ;-      -            
 0.02%  ;candidate-fastf;[.] memcpy@plt                                                                                                                                                                                                                                                                                                                          ;-      -            
 0.02%  ;candidate-fastf;[.] lean_alloc_object                                                                                                                                                                                                                                                                                                                   ;-      -            
 0.02%  ;candidate-fastf;[.] lean_string_eq_cold                                                                                                                                                                                                                                                                                                                 ;-      -            
 0.02%  ;candidate-fastf;[.] l_List_reverse___redArg                                                                                                                                                                                                                                                                                                             ;-      -            
 0.02%  ;candidate-fastf;[k] 0xffffffff92400efb                                                                                                                                                                                                                                                                                                                  ;-      -            
 0.02%  ;candidate-fastf;[.] lp_tzap_x2dlean_List_forIn_x27_loop___at___00TzapLean_Metrics_of_spec__1___redArg                                                                                                                                                                                                                                                   ;-      -            
 0.02%  ;candidate-fastf;[.] lp_tzap_x2dlean_TzapLean_Qasm_requireArity                                                                                                                                                                                                                                                                                          ;-      -            
 0.02%  ;candidate-fastf;[.] l_Nat_reprFast                                                                                                                                                                                                                                                                                                                      ;-      -            
 0.02%  ;candidate-fastf;[.] lp_tzap_x2dlean_TzapLean_Qasm_validate___lam__0                                                                                                                                                                                                                                                                                     ;-      -            
 0.02%  ;candidate-fastf;[.] l___private_Std_Data_DHashMap_Internal_Defs_0__Std_DHashMap_Internal_Raw_u2080_expand_go___at___00Std_DHashMap_Internal_Raw_u2080_expand___at___00Std_DHashMap_Internal_Raw_u2080_insertIfNew___at___00Lean_Elab_Structural_nonIndicesFirst_spec__0_spec__1_spec__2___redArg                                                        ;-      -            
 0.02%  ;candidate-fastf;[.] __gmpn_gcd_1                                                                                                                                                                                                                                                                                                                        ;-      -            
 0.02%  ;candidate-fastf;[.] __gmpz_sub                                                                                                                                                                                                                                                                                                                          ;-      -            
 0.02%  ;candidate-fastf;[.] lp_tzap_x2dlean_TzapLean_canonTag                                                                                                                                                                                                                                                                                                   ;-      -            
 0.02%  ;candidate-fastf;[.] l_Std_DHashMap_Internal_Raw_u2080_contains___at___00Lean_Elab_Structural_nonIndicesFirst_spec__3___redArg                                                                                                                                                                                                                           ;-      -            
 0.02%  ;candidate-fastf;[.] runtime_initialize_Lean_Compiler_Options                                                                                                                                                                                                                                                                                            ;-      -            
 0.02%  ;candidate-fastf;[.] l_Rat_sub                                                                                                                                                                                                                                                                                                                           ;-      -            
 0.02%  ;candidate-fastf;[.] l___private_Init_Data_Array_Basic_0__Array_anyMUnsafe_any___redArg___lam__0                                                                                                                                                                                                                                                         ;-      -            
 0.02%  ;candidate-fastf;[.] mi_page_queue_enqueue_from_ex(mi_page_queue_s*, mi_page_queue_s*, bool, mi_page_s*)                                                                                                                                                                                                                                                 ;-      -            
 0.02%  ;candidate-fastf;[.] l_UInt8_instDecidableIsUTF8FirstByte___aux__1                                                                                                                                                                                                                                                                                       ;-      -            
 0.02%  ;candidate-fastf;[.] pthread_mutex_unlock@@GLIBC_2.2.5                                                                                                                                                                                                                                                                                                   ;-      -            
 0.02%  ;candidate-fastf;[.] lean_apply_4                                                                                                                                                                                                                                                                                                                        ;-      -            
 0.02%  ;candidate-fastf;[.] l_Lean_registerSimpleScopedEnvExtension___redArg                                                                                                                                                                                                                                                                                    ;-      -            
 0.02%  ;candidate-fastf;[.] initialize_mathlib_Mathlib_Algebra_Order_Field_Canonical                                                                                                                                                                                                                                                                            ;-      -            
 0.02%  ;candidate-fastf;[.] l_Std_DTreeMap_Internal_Impl_insert___at___00Lean_NameMap_insert_spec__0___redArg                                                                                                                                                                                                                                                   ;-      -            
 0.02%  ;candidate-fastf;[.] runtime_initialize_aesop_Aesop_Script_SpecificTactics                                                                                                                                                                                                                                                                               ;-      -            
 0.02%  ;candidate-fastf;[.] lean::validate_utf8(unsigned char const*, unsigned long, unsigned long&, unsigned long&)                                                                                                                                                                                                                                            ;-      -            
 0.02%  ;candidate-fastf;[.] lp_tzap_x2dlean_TzapLean_gatesEqual                                                                                                                                                                                                                                                                                                 ;-      -            
 0.00%  ;candidate-fastf;[.] memmove                                                                                                                                                                                                                                                                                                                             ;-      -            
 0.00%  ;taskset        ;[k] 0xffffffff93b63b11                                                                                                                                                                                                                                                                                                                  ;-      -            
 0.00%  ;taskset        ;[.] handle_amd                                                                                                                                                                                                                                                                                                                          ;-      -            
 0.00%  ;taskset        ;[.] _IO_file_fopen@@GLIBC_2.2.5                                                                                                                                                                                                                                                                                                         ;-      -            
 0.00%  ;taskset        ;[.] cfree@GLIBC_2.2.5                                                                                                                                                                                                                                                                                                                   ;-      -            
 0.00%  ;taskset        ;[.] memset                                                                                                                                                                                                                                                                                                                              ;-      -            
 0.00%  ;taskset        ;[.] __strlen_evex                                                                                                                                                                                                                                                                                                                       ;-      -            
 0.00%  ;taskset        ;[.] _dl_start                                                                                                                                                                                                                                                                                                                           ;-      -            
 0.00%  ;taskset        ;[.] _nl_load_locale_from_archive                                                                                                                                                                                                                                                                                                        ;-      -            
 0.00%  ;taskset        ;[.] _dl_map_object_from_fd                                                                                                                                                                                                                                                                                                              ;-      -            
 0.00%  ;taskset        ;[.] 0x00000000000045de                                                                                                                                                                                                                                                                                                                  ;-      -            
 0.00%  ;taskset        ;[k] 0xffffffff92400b90                                                                                                                                                                                                                                                                                                                  ;-      -            
 0.00%  ;taskset        ;[.] __mmap                                                                                                                                                                                                                                                                                                                              ;-      -            
 0.00%  ;taskset        ;[.] _start                                                                                                                                                                                                                                                                                                                              ;-      -            
 0.00%  ;taskset        ;[.] mmap64                                                                                                                                                                                                                                                                                                                              ;-      -            
 0.00%  ;taskset        ;[.] 0x00000000000045fd                                                                                                                                                                                                                                                                                                                  ;-      -            
 0.00%  ;taskset        ;[.] 0x00000000000045ff                                                                                                                                                                                                                                                                                                                  ;-      -            
 0.00%  ;taskset        ;[.] 0x0000000000004603                                                                                                                                                                                                                                                                                                                  ;-      -            


#
# (Tip: Save output of perf stat using: perf stat record <target workload>)
#
